Model,RNMSE,RMSE,MAE,MAPE,R2
ARIMA,63.700976929485186,0.1676341498144347,45.597546915488614,11.113249832223726,0.5912359443247583
